text,label,mensaje_limpio,tokens,score,prediccion,tokens_reducidos,acepta_glc,clasificacion
R U &SAM P EL UNO EN EL OTRO. SI NOS ENCONTRAMOS PODEMOS IR 2 A MI CASA,ham,R U SAM P EL UNO EN EL OTRO. SI NOS ENCONTRAMOS PODEMOS IR 2 A MI CASA,"['WORD', 'WORD', 'CAPS', 'WORD', 'WORD', 'CAPS', 'WORD', 'WORD', 'CAPS', 'WORD', 'CAPS', 'CAPS', 'CAPS', 'WORD', 'WORD', 'WORD', 'WORD', 'CAPS']",7,spam,"[""text"", ""caps"", ""text"", ""caps"", ""text"", ""caps"", ""text"", ""caps"", ""caps"", ""caps"", ""text"", ""caps""]",False,Spam Atípico
HIYA STU WOT U UP 2.ESTOY EN TANTOS PROBLEMAS EN CASA EN EL MOMENTO EVONE ME ODIA INCLUSO U! ¿QUÉ DEMONIOS HE HECHO AHORA? Y NO ME DIRÁS TEXTO BCK POR FAVOR LUV DAN,ham,HIYA STU WOT U UP 2.ESTOY EN TANTOS PROBLEMAS EN CASA EN EL MOMENTO EVONE ME ODIA INCLUSO U QUÉ DEMONIOS HE HECHO AHORA Y NO ME DIRÁS TEXTO BCK POR FAVOR LUV DAN,"['CAPS', 'CAPS', 'CAPS', 'WORD', 'WORD', 'WORD', 'CAPS', 'WORD', 'CAPS', 'CAPS', 'WORD', 'CAPS', 'WORD', 'WORD', 'CAPS', 'CAPS', 'WORD', 'CAPS', 'CAPS', 'WORD', 'CAPS', 'CAPS', 'WORD', 'CAPS', 'CAPS', 'WORD', 'WORD', 'WORD', 'CAPS', 'CAPS', 'CAPS', 'CAPS', 'CAPS', 'CAPS', 'CAPS']",22,spam,"[""caps"", ""caps"", ""caps"", ""text"", ""caps"", ""text"", ""caps"", ""caps"", ""text"", ""caps"", ""text"", ""caps"", ""caps"", ""text"", ""caps"", ""caps"", ""text"", ""caps"", ""caps"", ""text"", ""caps"", ""caps"", ""text"", ""caps"", ""caps"", ""caps"", ""caps"", ""caps"", ""caps"", ""caps""]",False,Spam Atípico
Gran NUEVA Oferta: DOBLE Minutos y DOBLE Texto con las mejores tarifas de Orange ¡Y obtenga los últimos teléfonos con cámara 4 GRATIS! ¡Llame a MobileUpd8 gratis al 08000839402 AHORA! o 2stoptxt Términos y condiciones,spam,Gran NUEVA Oferta: DOBLE Minutos y DOBLE Texto con las mejores tarifas de Orange Y obtenga los últimos teléfonos con cámara 4 GRATIS Llame a MobileUpd8 gratis al 08000839402 AHORA o 2stoptxt Términos y condiciones,"['WORD', 'CAPS', 'WORD', 'CAPS', 'WORD', 'WORD', 'CAPS', 'WORD', 'WORD', 'WORD', 'WORD', 'WORD', 'WORD', 'WORD', 'WORD', 'WORD', 'WORD', 'WORD', 'WORD', 'WORD', 'WORD', 'WORD', 'CAPS', 'WORD', 'WORD', 'WORD', 'WORD', 'WORD', 'PHONE', 'CAPS', 'WORD', 'WORD', 'WORD', 'WORD', 'WORD']",8,spam,"[""text"", ""caps"", ""text"", ""caps"", ""text"", ""caps"", ""text"", ""caps"", ""text"", ""contact"", ""caps"", ""text""]",False,Spam Atípico
¡PRIVADO! Su estado de cuenta de 2003 muestra 800 tarjetas SIM no canjeadas. puntos. Llamar 08718738001 Código Identificador: 49557 Vence el 26/11/04,spam,PRIVADO Su estado de cuenta de 2003 muestra 800 tarjetas SIM no canjeadas. puntos. Llamar 08718738001 Código Identificador: 49557 Vence el 26/11/04,"['CAPS', 'WORD', 'WORD', 'WORD', 'WORD', 'WORD', 'WORD', 'WORD', 'WORD', 'WORD', 'CAPS', 'WORD', 'WORD', 'WORD', 'WORD', 'PHONE', 'WORD', 'WORD', 'WORD', 'WORD', 'WORD', 'WORD', 'WORD', 'WORD']",5,spam,"[""caps"", ""text"", ""caps"", ""text"", ""contact"", ""text""]",False,Spam Atípico
URGENTE Este es nuestro segundo intento de comunicarnos con U. Su premio de £ 900 de AYER todavía está pendiente de ser recogido. Para reclamar LLAMA YA 09061702893,spam,URGENTE Este es nuestro segundo intento de comunicarnos con U. Su premio de 900 de AYER todavía está pendiente de ser recogido. Para reclamar LLAMA YA 09061702893,"['CAPS', 'WORD', 'WORD', 'WORD', 'WORD', 'WORD', 'WORD', 'WORD', 'WORD', 'WORD', 'WORD', 'WORD', 'WORD', 'WORD', 'WORD', 'CAPS', 'WORD', 'WORD', 'WORD', 'WORD', 'WORD', 'WORD', 'WORD', 'WORD', 'CAPS', 'WORD', 'PHONE']",6,spam,"[""caps"", ""text"", ""caps"", ""text"", ""caps"", ""text"", ""contact""]",False,Spam Atípico
MENSAJE GRATIS Activa tus 500 Mensajes de Texto GRATIS respondiendo este mensaje con la palabra GRATIS Para términos y condiciones visita www.07781482378.com,spam,MENSAJE GRATIS Activa tus 500 Mensajes de Texto GRATIS respondiendo este mensaje con la palabra GRATIS Para términos y condiciones visita www.07781482378.com,"['CAPS', 'CAPS', 'WORD', 'WORD', 'WORD', 'WORD', 'WORD', 'WORD', 'CAPS', 'WORD', 'WORD', 'WORD', 'WORD', 'WORD', 'WORD', 'CAPS', 'WORD', 'WORD', 'WORD', 'WORD', 'WORD', 'URL']",6,spam,"[""caps"", ""caps"", ""text"", ""caps"", ""text"", ""caps"", ""text"", ""contact""]",False,Spam Atípico
"Hola, soy LUCY, mi esposo está en reuniones todo el día el viernes y yo estaremos solos en el hotel. ¿Te apetece comer comino? Por favor, deje un mensaje 2 días 09099726395 Lucy x Callså£1/minMobsmoreLKPOBOX177HP51FL",spam,Hola soy LUCY mi esposo está en reuniones todo el día el viernes y yo estaremos solos en el hotel. Te apetece comer comino Por favor deje un mensaje 2 días 09099726395 Lucy x Callså 1/minMobsmoreLKPOBOX177HP51FL,"['WORD', 'WORD', 'CAPS', 'WORD', 'WORD', 'WORD', 'WORD', 'WORD', 'WORD', 'WORD', 'WORD', 'WORD', 'WORD', 'WORD', 'WORD', 'WORD', 'WORD', 'WORD', 'WORD', 'WORD', 'WORD', 'WORD', 'WORD', 'WORD', 'WORD', 'WORD', 'WORD', 'WORD', 'WORD', 'WORD', 'WORD', 'PHONE', 'WORD', 'WORD', 'WORD', 'WORD', 'WORD']",4,spam,"[""text"", ""caps"", ""text"", ""contact"", ""text""]",False,Spam Atípico
Mensaje gratis: ¡Tono de llamada! De: http://tms. www.widelive.com/index. wml?id=1b6a5ecef91ff9*37819&first=true18:0430-JUL-05,spam,Mensaje gratis: Tono de llamada De: http://tms. www.widelive.com/index. wml id 1b6a5ecef91ff9 37819 first true18:0430 JUL 05,"['WORD', 'WORD', 'WORD', 'WORD', 'WORD', 'WORD', 'URL', 'URL', 'WORD', 'WORD', 'WORD', 'WORD', 'WORD', 'WORD', 'WORD', 'CAPS', 'WORD']",5,spam,"[""text"", ""contact"", ""contact"", ""text"", ""caps"", ""text""]",False,Spam Atípico
"¡URGENTE! ¡Su móvil número 07xxxxxxxxx ganó un premio adicional de £ 2000 para quien llamó el 06/02/03! ¡Este es el segundo intento de comunicarnos con USTED! llama al 09066362231 lo antes posible! CAJA97N7QP, 150PPM",spam,URGENTE Su móvil número 07xxxxxxxxx ganó un premio adicional de 2000 para quien llamó el 06/02/03 Este es el segundo intento de comunicarnos con USTED llama al 09066362231 lo antes posible CAJA97N7QP 150PPM,"['CAPS', 'WORD', 'WORD', 'WORD', 'WORD', 'WORD', 'WORD', 'WORD', 'WORD', 'WORD', 'WORD', 'WORD', 'WORD', 'WORD', 'WORD', 'WORD', 'WORD', 'WORD', 'WORD', 'WORD', 'WORD', 'WORD', 'WORD', 'WORD', 'WORD', 'WORD', 'CAPS', 'WORD', 'WORD', 'PHONE', 'WORD', 'WORD', 'WORD', 'WORD', 'WORD']",5,spam,"[""caps"", ""text"", ""caps"", ""text"", ""contact"", ""text""]",False,Spam Atípico
FreeMsg: Me siento un poco. Sólo espero que te guste. ¡Hazme compañía! ¿Tienes una cámara? ¿Quieres ver mi foto? Envía un mensaje de texto o responde FECHA al 82242 Msg150p 2rcv Hlp 08712317606 pasa al 82242,spam,FreeMsg: Me siento un poco. Sólo espero que te guste. Hazme compañía Tienes una cámara Quieres ver mi foto Envía un mensaje de texto o responde FECHA al 82242 Msg150p 2rcv Hlp 08712317606 pasa al 82242,"['WORD', 'WORD', 'WORD', 'WORD', 'WORD', 'WORD', 'WORD', 'WORD', 'WORD', 'WORD', 'WORD', 'WORD', 'WORD', 'WORD', 'WORD', 'WORD', 'WORD', 'WORD', 'WORD', 'WORD', 'WORD', 'WORD', 'WORD', 'WORD', 'WORD', 'WORD', 'CAPS', 'WORD', 'WORD', 'WORD', 'WORD', 'WORD', 'PHONE', 'WORD', 'WORD', 'WORD']",4,spam,"[""text"", ""caps"", ""text"", ""contact"", ""text""]",False,Spam Atípico
Tono de llamada superior gratuito -subir al tono de llamada semanal-obtener la primera semana gratis-enviar SUBPOLY al 81618-?3 por semana-detener sms-08718727870,spam,Tono de llamada superior gratuito subir al tono de llamada semanal obtener la primera semana gratis enviar SUBPOLY al 81618 3 por semana detener sms 08718727870,"['WORD', 'WORD', 'WORD', 'WORD', 'WORD', 'WORD', 'WORD', 'WORD', 'WORD', 'WORD', 'WORD', 'WORD', 'WORD', 'WORD', 'WORD', 'WORD', 'WORD', 'CAPS', 'WORD', 'WORD', 'WORD', 'WORD', 'WORD', 'WORD', 'WORD', 'PHONE']",4,spam,"[""text"", ""caps"", ""text"", ""contact""]",False,Spam Atípico
"Doble Mins y 1000 txts en tarifas Orange. ¡Lo último de Motorola, SonyEricsson y Nokia con Bluetooth GRATIS! Llame a MobileUpd8 al 08000839402 o call2optout/HF8",spam,Doble Mins y 1000 txts en tarifas Orange. Lo último de Motorola SonyEricsson y Nokia con Bluetooth GRATIS Llame a MobileUpd8 al 08000839402 o call2optout/HF8,"['WORD', 'WORD', 'WORD', 'WORD', 'WORD', 'WORD', 'WORD', 'WORD', 'WORD', 'WORD', 'WORD', 'WORD', 'WORD', 'WORD', 'WORD', 'WORD', 'WORD', 'CAPS', 'WORD', 'WORD', 'WORD', 'WORD', 'PHONE', 'WORD', 'WORD', 'WORD']",4,spam,"[""text"", ""caps"", ""text"", ""contact"", ""text""]",False,Spam Atípico
"SU OPORTUNIDAD DE ESTAR EN UN REALITY FANTASY SHOW llame ahora = 08707509020 Solo 20 peniques por minuto NTT Ltd, PO Box 1327 Croydon CR9 5WB 0870 es una llamada nacional = tarifa",spam,SU OPORTUNIDAD DE ESTAR EN UN REALITY FANTASY SHOW llame ahora 08707509020 Solo 20 peniques por minuto NTT Ltd PO Box 1327 Croydon CR9 5WB 0870 es una llamada nacional tarifa,"['WORD', 'CAPS', 'WORD', 'CAPS', 'WORD', 'WORD', 'CAPS', 'CAPS', 'CAPS', 'WORD', 'WORD', 'PHONE', 'WORD', 'WORD', 'WORD', 'WORD', 'WORD', 'CAPS', 'WORD', 'WORD', 'WORD', 'WORD', 'WORD', 'WORD', 'WORD', 'WORD', 'WORD', 'WORD', 'WORD', 'WORD', 'WORD']",9,spam,"[""text"", ""caps"", ""text"", ""caps"", ""text"", ""caps"", ""caps"", ""caps"", ""text"", ""contact"", ""text"", ""caps"", ""text""]",False,Spam Atípico
¿Tenías tu móvil hace 11 meses? Actualice GRATIS a los últimos móviles con cámara en color de Orange y llamadas ilimitadas los fines de semana. Llame a Mobile Upd8 en Freefone 08000839402 o 2StopTxt,spam,Tenías tu móvil hace 11 meses Actualice GRATIS a los últimos móviles con cámara en color de Orange y llamadas ilimitadas los fines de semana. Llame a Mobile Upd8 en Freefone 08000839402 o 2StopTxt,"['WORD', 'WORD', 'WORD', 'WORD', 'WORD', 'WORD', 'WORD', 'CAPS', 'WORD', 'WORD', 'WORD', 'WORD', 'WORD', 'WORD', 'WORD', 'WORD', 'WORD', 'WORD', 'WORD', 'WORD', 'WORD', 'WORD', 'WORD', 'WORD', 'WORD', 'WORD', 'WORD', 'WORD', 'WORD', 'WORD', 'WORD', 'PHONE', 'WORD', 'WORD']",4,spam,"[""text"", ""caps"", ""text"", ""contact"", ""text""]",False,Spam Atípico
LLAME al 08712402578 inmediatamente ya que hay un mensaje urgente esperándolo.,spam,LLAME al 08712402578 inmediatamente ya que hay un mensaje urgente esperándolo.,"['CAPS', 'WORD', 'PHONE', 'WORD', 'WORD', 'WORD', 'WORD', 'WORD', 'WORD', 'WORD', 'WORD']",4,spam,"[""caps"", ""text"", ""contact"", ""text""]",False,Spam Atípico
"pdate_Now: doble minutos y 1000 txts en tarifas Orange. ¡Lo último de Motorola, SonyEricsson, Nokia y Bluetooth GRATIS! Llame a MobileUpd8 al 08000839402 o llame a2optout/!YHL",spam,pdate Now: doble minutos y 1000 txts en tarifas Orange. Lo último de Motorola SonyEricsson Nokia y Bluetooth GRATIS Llame a MobileUpd8 al 08000839402 o llame a2optout/ YHL,"['WORD', 'WORD', 'WORD', 'WORD', 'WORD', 'WORD', 'WORD', 'WORD', 'WORD', 'WORD', 'WORD', 'WORD', 'WORD', 'WORD', 'WORD', 'WORD', 'WORD', 'WORD', 'CAPS', 'WORD', 'WORD', 'WORD', 'WORD', 'PHONE', 'WORD', 'WORD', 'WORD', 'CAPS']",5,spam,"[""text"", ""caps"", ""text"", ""contact"", ""text"", ""caps""]",False,Spam Atípico
¡El premio Urgent Ur å£500 garantizado aún no ha sido reclamado! Llame al 09066368327 AHORA fecha de cierre 09/04/02 código de reclamo M39M51 å £1.50 pmmorefrommobile2Bremoved-MobyPOBox734LS27YF,spam,El premio Urgent Ur å 500 garantizado aún no ha sido reclamado Llame al 09066368327 AHORA fecha de cierre 09/04/02 código de reclamo M39M51 å 1.50 pmmorefrommobile2Bremoved MobyPOBox734LS27YF,"['WORD', 'WORD', 'WORD', 'WORD', 'WORD', 'WORD', 'WORD', 'WORD', 'WORD', 'WORD', 'WORD', 'WORD', 'WORD', 'WORD', 'PHONE', 'CAPS', 'WORD', 'WORD', 'WORD', 'WORD', 'WORD', 'WORD', 'WORD', 'WORD', 'WORD', 'WORD', 'WORD', 'WORD', 'WORD', 'WORD', 'WORD']",4,spam,"[""text"", ""contact"", ""caps"", ""text""]",False,Spam Atípico
"Cliente de Orange, ahora puede reclamar su actualización GRATUITA a TELÉFONO CON CÁMARA por su fidelidad. Llame ahora al 0207 153 9996. La oferta finaliza el 14 de marzo. Se aplican términos y condiciones. Optar por no participar disponible",spam,Cliente de Orange ahora puede reclamar su actualización GRATUITA a TELÉFONO CON CÁMARA por su fidelidad. Llame ahora al 0207 153 9996. La oferta finaliza el 14 de marzo. Se aplican términos y condiciones. Optar por no participar disponible,"['WORD', 'WORD', 'WORD', 'WORD', 'WORD', 'WORD', 'WORD', 'WORD', 'CAPS', 'WORD', 'CAPS', 'CAPS', 'CAPS', 'WORD', 'WORD', 'WORD', 'WORD', 'WORD', 'WORD', 'WORD', 'WORD', 'WORD', 'WORD', 'WORD', 'WORD', 'WORD', 'WORD', 'WORD', 'WORD', 'WORD', 'WORD', 'WORD', 'WORD', 'WORD', 'WORD', 'WORD', 'WORD', 'WORD', 'WORD']",4,spam,"[""text"", ""caps"", ""text"", ""caps"", ""caps"", ""caps"", ""text""]",False,Spam Atípico
"SERVICIOS DE SMS. Para obtener créditos de texto incluidos, vaya a www.comuk.net login= ***** cancelar la suscripción con STOP. sin cargo adicional. ayuda: 08700469649. APARTADO DE CORREOS 420. IP4 5WE",spam,SERVICIOS DE SMS. Para obtener créditos de texto incluidos vaya a www.comuk.net login cancelar la suscripción con STOP. sin cargo adicional. ayuda: 08700469649. APARTADO DE CORREOS 420. IP4 5WE,"['CAPS', 'WORD', 'CAPS', 'WORD', 'WORD', 'WORD', 'WORD', 'WORD', 'WORD', 'WORD', 'WORD', 'URL', 'WORD', 'WORD', 'WORD', 'WORD', 'WORD', 'CAPS', 'WORD', 'WORD', 'WORD', 'WORD', 'PHONE', 'CAPS', 'WORD', 'CAPS', 'WORD', 'WORD', 'WORD']",10,spam,"[""caps"", ""text"", ""caps"", ""text"", ""contact"", ""text"", ""caps"", ""text"", ""contact"", ""caps"", ""text"", ""caps"", ""text""]",False,Spam Atípico
"Gracias por su pedido de tonos de llamada, referencia T91. Se le cobrarán 4 GBP por semana. Puedes darte de baja en cualquier momento llamando a atención al cliente al 09057039994",spam,Gracias por su pedido de tonos de llamada referencia T91. Se le cobrarán 4 GBP por semana. Puedes darte de baja en cualquier momento llamando a atención al cliente al 09057039994,"['WORD', 'WORD', 'WORD', 'WORD', 'WORD', 'WORD', 'WORD', 'WORD', 'WORD', 'WORD', 'WORD', 'WORD', 'WORD', 'WORD', 'CAPS', 'WORD', 'WORD', 'WORD', 'WORD', 'WORD', 'WORD', 'WORD', 'WORD', 'WORD', 'WORD', 'WORD', 'WORD', 'WORD', 'WORD', 'WORD', 'PHONE']",4,spam,"[""text"", ""caps"", ""text"", ""contact""]",False,Spam Atípico
"Puedes GANAR £100 en vales de regalo de música cada semana a partir de AHORA Envía un mensaje de texto con la palabra SORTEO a 87066 TsCs www.Idew.com SkillGame, 1Winaweek, 16 años. 150ppermessSuscripción",spam,Puedes GANAR 100 en vales de regalo de música cada semana a partir de AHORA Envía un mensaje de texto con la palabra SORTEO a 87066 TsCs www.Idew.com SkillGame 1Winaweek 16 años. 150ppermessSuscripción,"['WORD', 'CAPS', 'WORD', 'WORD', 'WORD', 'WORD', 'WORD', 'WORD', 'WORD', 'WORD', 'WORD', 'WORD', 'WORD', 'WORD', 'CAPS', 'WORD', 'WORD', 'WORD', 'WORD', 'WORD', 'WORD', 'WORD', 'WORD', 'CAPS', 'WORD', 'WORD', 'WORD', 'URL', 'WORD', 'WORD', 'WORD', 'WORD', 'WORD']",5,spam,"[""text"", ""caps"", ""text"", ""caps"", ""text"", ""caps"", ""text"", ""contact"", ""text""]",False,Spam Atípico
"Felicitaciones, puedes reclamar 2 entradas VIP fila A 2 C Blu en concierto en noviembre o regalo de Blu garantizado Llama al 09061104276 para reclamar TS&C www.smsco.net costo £3.75 máx.",spam,Felicitaciones puedes reclamar 2 entradas VIP fila A 2 C Blu en concierto en noviembre o regalo de Blu garantizado Llama al 09061104276 para reclamar TS C www.smsco.net costo 3.75 máx.,"['WORD', 'WORD', 'WORD', 'WORD', 'WORD', 'CAPS', 'WORD', 'WORD', 'WORD', 'WORD', 'WORD', 'WORD', 'WORD', 'WORD', 'WORD', 'WORD', 'WORD', 'WORD', 'WORD', 'WORD', 'WORD', 'WORD', 'PHONE', 'WORD', 'WORD', 'WORD', 'WORD', 'URL', 'WORD', 'WORD', 'WORD', 'WORD']",6,spam,"[""text"", ""caps"", ""text"", ""contact"", ""text"", ""contact"", ""text""]",False,Spam Atípico
"Urgente -llamar al 09066649731 desde Teléfono Fijo. Sus vacaciones en Ibiza 4* de cortesía o £10,000 en efectivo esperan su cobro Términos y condiciones de SAE PO BOX 434 SK3 8WP 150ppm 18+",spam,Urgente llamar al 09066649731 desde Teléfono Fijo. Sus vacaciones en Ibiza 4 de cortesía o 10 000 en efectivo esperan su cobro Términos y condiciones de SAE PO BOX 434 SK3 8WP 150ppm 18,"['WORD', 'WORD', 'WORD', 'PHONE', 'WORD', 'WORD', 'WORD', 'WORD', 'WORD', 'WORD', 'WORD', 'WORD', 'WORD', 'WORD', 'WORD', 'WORD', 'WORD', 'WORD', 'WORD', 'WORD', 'WORD', 'WORD', 'WORD', 'WORD', 'WORD', 'WORD', 'CAPS', 'WORD', 'CAPS', 'WORD', 'WORD', 'WORD', 'WORD', 'WORD']",5,spam,"[""text"", ""contact"", ""text"", ""caps"", ""text"", ""caps"", ""text""]",False,Spam Atípico
